{"cameraMode":{"drawMode":0,"name":"Shaded","section":"Shading Mode"},"sceneLighting":true,"audioPlay":false,"sceneViewState":{"m_AlwaysRefresh":false,"showFog":true,"showSkybox":true,"showFlares":true,"showImageEffects":true,"showParticleSystems":true,"showVisualEffectGraphs":true,"m_FxEnabled":true},"in2DMode":false,"pivot":{"x":-0.44303619861602785,"y":4.367548942565918,"z":-3.91914701461792},"rotation":{"x":0.19501738250255586,"y":0.27474838495254519,"z":-0.05700783431529999,"w":0.9398217797279358},"size":3.9428093433380129,"orthographic":true}